post_id,taken_at,media_type,like_count,comment_count,play_count,owner,caption
3900849921541394477,1779285601,carousel,22607,6933,0,netflix,June lineup pairs so well with sunshine
3915250652812572926,1780956002,carousel,88986,293,0,netflix,STRANGER THINGS and THE BOROUGHS parallel
3915145894056652405,1780948805,reel,8000,263,517736,netflix,Office Romance - only star in the universe
3915065336022510987,1780941605,reel,17409,246,600363,strongblacklead,Colman Domingo - The Four Seasons
3914960355629133240,1780938005,reel,15301,166,780173,netflix,A Good Girl's Guide to Murder S2
3914987366644766428,1780930803,photo,195974,520,0,netflix,Zoom in on Enola's face
3915023743898241830,1780927208,reel,263936,2420,4211923,netflix,Scooby is finally real - Scooby-Doo Origins
3914419785593617244,1780855200,carousel,57976,478,0,netflix,The Four Seasons S2 had us in stitches
3913888237631033824,1780851602,carousel,100559,386,0,netflix,No but why is HE smiling
3914155515978909980,1780848005,reel,245662,4632,14897034,netflix,Office Romance now playing
3913693703361396665,1780776004,reel,211051,1768,4690955,netflix,Avatar The Last Airbender Season 2
3913690162839695865,1780772406,reel,92858,596,1827673,netflix,A legend in every universe
